resourceId,resourceUrl,brokenUrl,statusCode,errorMessage
3i5vt4vhbapj4w114fa83,"https://help.figma.com/hc/en-us/articles/15297425105303-Explore-design-files","https://help.figma.com/hc/en-us/articles/360055203533",404,
3i5vt4vhbapj4w114fa83,"https://help.figma.com/hc/en-us/articles/15297425105303-Explore-design-files","https://help.figma.com/hc/article_attachments/15436794044311",404,
3i5vt4vhbapj4w114fa83,"https://help.figma.com/hc/en-us/articles/15297425105303-Explore-design-files","https://help.figma.com/hc/article_attachments/15436809153943",404,
3i5vt4vhbapj4w114fa83,"https://help.figma.com/hc/en-us/articles/15297425105303-Explore-design-files","https://help.figma.com/hc/article_attachments/15437522611991",404,
3i5vt4vhbapj4w114fa83,"https://help.figma.com/hc/en-us/articles/15297425105303-Explore-design-files","https://help.figma.com/hc/article_attachments/15437483633815",404,
3i5vt4vhbapj4w114fa83,"https://help.figma.com/hc/en-us/articles/15297425105303-Explore-design-files","https://help.figma.com/hc/article_attachments/15437483637015",404,
3i5vt4vhbapj4w114fa83,"https://help.figma.com/hc/en-us/articles/15297425105303-Explore-design-files","https://help.figma.com/hc/article_attachments/15441303158679",404,
3i5vt4vhbapj4w114fa83,"https://help.figma.com/hc/en-us/articles/15297425105303-Explore-design-files","https://help.figma.com/hc/article_attachments/15442224381591",404,
3i5vt4vhbapj4w114fa83,"https://help.figma.com/hc/en-us/articles/15297425105303-Explore-design-files","https://help.figma.com/hc/article_attachments/15443058705943",404,
3i5vt4vhbapj4w114fa83,"https://help.figma.com/hc/en-us/articles/15297425105303-Explore-design-files","https://help.figma.com/hc/article_attachments/15443716045463",404,
3i5vt4vhbapj4w114fa83,"https://help.figma.com/hc/en-us/articles/15297425105303-Explore-design-files","https://help.figma.com/hc/article_attachments/15443694776471",404,
3i5vt4vhbapj4w114fa83,"https://help.figma.com/hc/en-us/articles/15297425105303-Explore-design-files","https://help.figma.com/hc/article_attachments/15444371419031",404,
3i5vt4vhbapj4w114fa83,"https://help.figma.com/hc/en-us/articles/15297425105303-Explore-design-files","https://help.figma.com/hc/article_attachments/15454131287575",404,
3i5vt4vhbapj4w114fa83,"https://help.figma.com/hc/en-us/articles/15297425105303-Explore-design-files","https://help.figma.com/hc/article_attachments/15445589791511",404,
3i5vt4vhbapj4w114fa83,"https://help.figma.com/hc/en-us/articles/15297425105303-Explore-design-files","https://help.figma.com/hc/article_attachments/15445618108951",404,
3i5vt4vhbapj4w114fa83,"https://help.figma.com/hc/en-us/articles/15297425105303-Explore-design-files","https://help.figma.com/hc/article_attachments/15445589804951",404,
3i5vt4vhbapj4w114fa83,"https://help.figma.com/hc/en-us/articles/15297425105303-Explore-design-files","https://help.figma.com/hc/article_attachments/15445589808151",404,
3i5vt4vhbapj4w114fa83,"https://help.figma.com/hc/en-us/articles/15297425105303-Explore-design-files","https://help.figma.com/hc/article_attachments/15445634301463",404,
3i5vt4vhbapj4w114fa83,"https://help.figma.com/hc/en-us/articles/15297425105303-Explore-design-files","https://help.figma.com/hc/article_attachments/15445614309911",404,
3i5vt4vhbapj4w114fa83,"https://help.figma.com/hc/en-us/articles/15297425105303-Explore-design-files","https://help.figma.com/hc/article_attachments/15445669617687",404,
3i5vt4vhbapj4w114fa83,"https://help.figma.com/hc/en-us/articles/15297425105303-Explore-design-files","https://help.figma.com/hc/article_attachments/15445665927063",404,
3i5vt4vhbapj4w114fa83,"https://help.figma.com/hc/en-us/articles/15297425105303-Explore-design-files","https://help.figma.com/hc/article_attachments/15445669622679",404,
3i5vt4vhbapj4w114fa83,"https://help.figma.com/hc/en-us/articles/15297425105303-Explore-design-files","https://help.figma.com/hc/en-us/articles/360055203533",404,
3i5vt4vhbapj4w114fa83,"https://help.figma.com/hc/en-us/articles/15297425105303-Explore-design-files","https://help.figma.com/hc/article_attachments/15444479075607",404,
pbyw4utyt40ca2ce49h1z,"https://help.figma.com/hc/en-us/articles/360041064174-Access-design-tools-from-the-toolbar","https://help.figma.com/hc/en-us/articles/360039956474",404,
pbyw4utyt40ca2ce49h1z,"https://help.figma.com/hc/en-us/articles/360041064174-Access-design-tools-from-the-toolbar","https://help.figma.com/hc/article_attachments/7006828857623",404,
pbyw4utyt40ca2ce49h1z,"https://help.figma.com/hc/en-us/articles/360041064174-Access-design-tools-from-the-toolbar","https://help.figma.com/hc/en-us/articles/360039956474",404,
pbyw4utyt40ca2ce49h1z,"https://help.figma.com/hc/en-us/articles/360041064174-Access-design-tools-from-the-toolbar","https://help.figma.com/hc/en-us/articles/360040530313",404,
pbyw4utyt40ca2ce49h1z,"https://help.figma.com/hc/en-us/articles/360041064174-Access-design-tools-from-the-toolbar","https://help.figma.com/hc/article_attachments/15370371710871",404,
sa1cs1wfiruy1h9i4kvv5,"https://help.figma.com/hc/en-us/articles/360039832014-Design-prototype-and-explore-layer-properties-in-the-right-sidebar","https://help.figma.com/hc/en-us/articles/360039956814",404,
sa1cs1wfiruy1h9i4kvv5,"https://help.figma.com/hc/en-us/articles/360039832014-Design-prototype-and-explore-layer-properties-in-the-right-sidebar","https://help.figma.com/article/104-toolbar",404,
sa1cs1wfiruy1h9i4kvv5,"https://help.figma.com/hc/en-us/articles/360039832014-Design-prototype-and-explore-layer-properties-in-the-right-sidebar","https://help.figma.com/hc/article_attachments/16136377776791",404,
sa1cs1wfiruy1h9i4kvv5,"https://help.figma.com/hc/en-us/articles/360039832014-Design-prototype-and-explore-layer-properties-in-the-right-sidebar","https://help.figma.com/hc/article_attachments/16136341061271",404,
sa1cs1wfiruy1h9i4kvv5,"https://help.figma.com/hc/en-us/articles/360039832014-Design-prototype-and-explore-layer-properties-in-the-right-sidebar","https://help.figma.com/hc/article_attachments/15451899308695",404,
sa1cs1wfiruy1h9i4kvv5,"https://help.figma.com/hc/en-us/articles/360039832014-Design-prototype-and-explore-layer-properties-in-the-right-sidebar","https://help.figma.com/hc/en-us/articles/360039956814",404,
sa1cs1wfiruy1h9i4kvv5,"https://help.figma.com/hc/en-us/articles/360039832014-Design-prototype-and-explore-layer-properties-in-the-right-sidebar","https://help.figma.com/hc/article_attachments/15451938591767",404,
sa1cs1wfiruy1h9i4kvv5,"https://help.figma.com/hc/en-us/articles/360039832014-Design-prototype-and-explore-layer-properties-in-the-right-sidebar","https://help.figma.com/hc/article_attachments/16136463872791",404,
sa1cs1wfiruy1h9i4kvv5,"https://help.figma.com/hc/en-us/articles/360039832014-Design-prototype-and-explore-layer-properties-in-the-right-sidebar","https://help.figma.com/hc/article_attachments/20918084301975",404,
sa1cs1wfiruy1h9i4kvv5,"https://help.figma.com/hc/en-us/articles/360039832014-Design-prototype-and-explore-layer-properties-in-the-right-sidebar","https://help.figma.com/hc/article_attachments/20441125724183",404,
sa1cs1wfiruy1h9i4kvv5,"https://help.figma.com/hc/en-us/articles/360039832014-Design-prototype-and-explore-layer-properties-in-the-right-sidebar","https://help.figma.com/hc/article_attachments/20419552024855",404,
sa1cs1wfiruy1h9i4kvv5,"https://help.figma.com/hc/en-us/articles/360039832014-Design-prototype-and-explore-layer-properties-in-the-right-sidebar","https://help.figma.com/hc/article_attachments/20419352743831",404,
okz7x5s3zzebnu7r8a6tx,"https://help.figma.com/hc/en-us/articles/360039831974-View-layers-and-pages-in-the-left-sidebar","https://help.figma.com/hc/en-us/articles/360040449873",Error,"This operation was aborted"
okz7x5s3zzebnu7r8a6tx,"https://help.figma.com/hc/en-us/articles/360039831974-View-layers-and-pages-in-the-left-sidebar","https://help.figma.com/hc/article_attachments/19041786990743",404,
5l5gu8ea8e98laxrd4g61,"https://help.figma.com/hc/en-us/articles/23570416033943-Use-the-actions-menu-in-Figma-Design","https://help.figma.com/hc/article_attachments/23570416029079",404,
xigz846gaa4w4r1ureo9t,"https://help.figma.com/hc/en-us/articles/360040028034-Add-images-and-videos-to-design-files","https://help.figma.com/hc/article_attachments/9467531139607",404,
jeu66ck0ez13bryea4c4l,"https://help.figma.com/hc/en-us/articles/360041065034-Adjust-your-zoom-and-view-options","https://help.figma.com/hc/article_attachments/4410022425879",404,
jeu66ck0ez13bryea4c4l,"https://help.figma.com/hc/en-us/articles/360041065034-Adjust-your-zoom-and-view-options","https://help.figma.com/article/55-layout-grids",404,
jeu66ck0ez13bryea4c4l,"https://help.figma.com/hc/en-us/articles/360041065034-Adjust-your-zoom-and-view-options","https://help.figma.com/hc/article_attachments/15507459695255",404,
hb06339si21eqgob9gjqq,"https://help.figma.com/hc/en-us/articles/360040449713-Add-guides-to-the-canvas-or-frames","https://help.figma.com/hc/article_attachments/13407256072087",404,
hb06339si21eqgob9gjqq,"https://help.figma.com/hc/en-us/articles/360040449713-Add-guides-to-the-canvas-or-frames","https://help.figma.com/hc/article_attachments/13406574282775",404,
hb06339si21eqgob9gjqq,"https://help.figma.com/hc/en-us/articles/360040449713-Add-guides-to-the-canvas-or-frames","https://help.figma.com/hc/article_attachments/13406621568279",404,
974kbkn1pwxhi04on32yl,"https://help.figma.com/hc/en-us/articles/9141292269847-Find-and-replace-in-Figma","https://help.figma.com/hc/article_attachments/9346911544471",404,
974kbkn1pwxhi04on32yl,"https://help.figma.com/hc/en-us/articles/9141292269847-Find-and-replace-in-Figma","https://help.figma.com/hc/article_attachments/9346966139927",404,
yb6dqwjrgujyi5wvt9jin,"https://help.figma.com/hc/en-us/articles/360039957534-Boolean-operations","https://help.figma.com/hc/article_attachments/13407771791639",404,
rzufawnxwk807de8qgmav,"https://help.figma.com/hc/en-us/articles/360040450133-Shape-tools","https://help.figma.com/hc/article_attachments/26628374955031",404,
krn1f47ox0bpr2u92bgi8,"https://help.figma.com/hc/en-us/articles/21635177948567-Edit-objects-on-the-canvas-in-bulk","https://www.figma.com/community/file/1343991048099728924",403,
krn1f47ox0bpr2u92bgi8,"https://help.figma.com/hc/en-us/articles/21635177948567-Edit-objects-on-the-canvas-in-bulk","https://www.figma.com/community/file/1343991048099728924",403,
47uuoj8uz4xh3vpsv1ut4,"https://help.figma.com/hc/en-us/articles/360039956914-Adjust-alignment-rotation-position-and-dimensions","https://help.figma.com/hc/article_attachments/29799680403863",404,
47uuoj8uz4xh3vpsv1ut4,"https://help.figma.com/hc/en-us/articles/360039956914-Adjust-alignment-rotation-position-and-dimensions","https://help.figma.com/hc/article_attachments/29799680405911",404,
79yhzi6tg00c6z0johzcp,"https://help.figma.com/hc/en-us/articles/360040451453-Scale-layers-while-maintaining-proportions","https://help.figma.com/hc/article_attachments/10151079118103",404,
79yhzi6tg00c6z0johzcp,"https://help.figma.com/hc/en-us/articles/360040451453-Scale-layers-while-maintaining-proportions","https://help.figma.com/hc/article_attachments/10151412376855",404,
79yhzi6tg00c6z0johzcp,"https://help.figma.com/hc/en-us/articles/360040451453-Scale-layers-while-maintaining-proportions","https://help.figma.com/hc/article_attachments/10151079006359",404,
i27fgom7hoc6b2i244zvi,"https://help.figma.com/hc/en-us/articles/360039956974-Measure-distances-between-layers","https://help.figma.com/hc/en-us/articles/360041596453",404,
i27fgom7hoc6b2i244zvi,"https://help.figma.com/hc/en-us/articles/360039956974-Measure-distances-between-layers","https://www.figma.com/community/plugin/739918456607459153/Figma-Measure",403,
1wk51l29a2gogifdadcw6,"https://help.figma.com/hc/en-us/articles/360041089973-Add-images-and-videos-in-bulk","https://help.figma.com/article/319-importing-images#fillmode",404,
1wk51l29a2gogifdadcw6,"https://help.figma.com/hc/en-us/articles/360041089973-Add-images-and-videos-in-bulk","https://help.figma.com/article/319-importing-images#fillmode",404,
te1t7v37yw5wfjpw24xns,"https://help.figma.com/hc/en-us/articles/4409078832791-Copy-and-paste-objects","https://www.figma.com/community/file/1019677205098431673",403,
te1t7v37yw5wfjpw24xns,"https://help.figma.com/hc/en-us/articles/4409078832791-Copy-and-paste-objects","https://www.figma.com/community/file/1019677205098431673",403,
365aavgbewb0bvggdazrj,"https://help.figma.com/hc/en-us/articles/9771500257687-Organize-your-canvas-with-sections","https://help.figma.com/hc/article_attachments/9771620182935",404,
365aavgbewb0bvggdazrj,"https://help.figma.com/hc/en-us/articles/9771500257687-Organize-your-canvas-with-sections","https://help.figma.com/hc/article_attachments/15445625505815",404,
365aavgbewb0bvggdazrj,"https://help.figma.com/hc/en-us/articles/9771500257687-Organize-your-canvas-with-sections","https://help.figma.com/hc/article_attachments/24381283003287",404,
66ytah7uygktsqt9jp59q,"https://help.figma.com/hc/en-us/articles/360041098433-Adjust-the-properties-of-an-image","https://help.figma.com/article/45-masks",404,
66ytah7uygktsqt9jp59q,"https://help.figma.com/hc/en-us/articles/360041098433-Adjust-the-properties-of-an-image","https://help.figma.com/article/320-manipulating-images#exposure",404,
66ytah7uygktsqt9jp59q,"https://help.figma.com/hc/en-us/articles/360041098433-Adjust-the-properties-of-an-image","https://help.figma.com/article/320-manipulating-images#contrast",404,
66ytah7uygktsqt9jp59q,"https://help.figma.com/hc/en-us/articles/360041098433-Adjust-the-properties-of-an-image","https://help.figma.com/article/320-manipulating-images#saturation",404,
66ytah7uygktsqt9jp59q,"https://help.figma.com/hc/en-us/articles/360041098433-Adjust-the-properties-of-an-image","https://help.figma.com/article/320-manipulating-images#temperature",404,
66ytah7uygktsqt9jp59q,"https://help.figma.com/hc/en-us/articles/360041098433-Adjust-the-properties-of-an-image","https://help.figma.com/article/320-manipulating-images#tint",404,
66ytah7uygktsqt9jp59q,"https://help.figma.com/hc/en-us/articles/360041098433-Adjust-the-properties-of-an-image","https://help.figma.com/article/320-manipulating-images#highlights",404,
66ytah7uygktsqt9jp59q,"https://help.figma.com/hc/en-us/articles/360041098433-Adjust-the-properties-of-an-image","https://help.figma.com/article/320-manipulating-images#shadows",404,
b8ratycc6er72g3235pu4,"https://help.figma.com/hc/en-us/articles/360040450233-Arrange-layers-with-Smart-selection","https://help.figma.com/hc/en-us/articles/360041638333",404,
g8e0xofsk1sgxeuytj88s,"https://help.figma.com/hc/en-us/articles/360040450513-Create-layout-grids-with-grids-columns-and-rows","https://help.figma.com/article/55-layout-grids#combine",404,
d6h6go76gel7tdltxiktt,"https://help.figma.com/hc/en-us/articles/360039956434-Guide-to-text-in-Figma-Design","https://help.figma.com/hc/article_attachments/27469551334807",404,
0lr7juy09vivbt6cfsrzz,"https://help.figma.com/hc/en-us/articles/360045942953-Add-links-to-text","https://www.figma.com/community/file/832634397112145954",403,
0lr7juy09vivbt6cfsrzz,"https://help.figma.com/hc/en-us/articles/360045942953-Add-links-to-text","https://help.figma.com/hc/article_attachments/360067070693",404,
0lr7juy09vivbt6cfsrzz,"https://help.figma.com/hc/en-us/articles/360045942953-Add-links-to-text","https://help.figma.com/hc/article_attachments/360066015734",404,
0lr7juy09vivbt6cfsrzz,"https://help.figma.com/hc/en-us/articles/360045942953-Add-links-to-text","https://www.figma.com/community/file/832634397112145954",403,
0lr7juy09vivbt6cfsrzz,"https://help.figma.com/hc/en-us/articles/360045942953-Add-links-to-text","https://help.figma.com/hc/article_attachments/360067073373",404,
0lr7juy09vivbt6cfsrzz,"https://help.figma.com/hc/en-us/articles/360045942953-Add-links-to-text","https://help.figma.com/hc/article_attachments/360066016594",404,
0lr7juy09vivbt6cfsrzz,"https://help.figma.com/hc/en-us/articles/360045942953-Add-links-to-text","https://help.figma.com/hc/article_attachments/360067070573",404,
gy911y2a8pc3l26i53x5j,"https://help.figma.com/hc/en-us/articles/5579502031511-Use-variable-fonts","https://help.figma.com/hc/en-us/articles/360039823654",404,
9ysvu9fycrvfmje3uodx8,"https://help.figma.com/hc/en-us/articles/4972283635863-Add-right-to-left-text","https://help.figma.com/hc/en-us/articles/360039823654",404,
7vl3ars644p04wsvwmhqw,"https://help.figma.com/hc/en-us/articles/360039956634-Explore-text-properties","https://help.figma.com/hc/article_attachments/27469557176983",404,
7vl3ars644p04wsvwmhqw,"https://help.figma.com/hc/en-us/articles/360039956634-Explore-text-properties","https://help.figma.com/hc/article_attachments/27469551226135",404,
7vl3ars644p04wsvwmhqw,"https://help.figma.com/hc/en-us/articles/360039956634-Explore-text-properties","https://help.figma.com/hc/article_attachments/27469557185303",404,
7vl3ars644p04wsvwmhqw,"https://help.figma.com/hc/en-us/articles/360039956634-Explore-text-properties","https://help.figma.com/hc/article_attachments/27469557187095",404,
7vl3ars644p04wsvwmhqw,"https://help.figma.com/hc/en-us/articles/360039956634-Explore-text-properties","https://help.figma.com/hc/article_attachments/27469551234839",404,
g790wdpoksaqx5caolc86,"https://help.figma.com/hc/en-us/articles/360040449893-Line-height-behavior","https://help.figma.com/hc/en-us/articles/360040449893-Line-height-behavior#h_9a1e311f-afdb-4f88-b149-66dd5daacd38",404,
g790wdpoksaqx5caolc86,"https://help.figma.com/hc/en-us/articles/360040449893-Line-height-behavior","https://help.figma.com/hc/en-us/articles/360040449893-Line-height-behavior#h_13661b2e-a4e5-4627-8527-ae9bfc7b087c",404,
g790wdpoksaqx5caolc86,"https://help.figma.com/hc/en-us/articles/360040449893-Line-height-behavior","https://help.figma.com/hc/en-us/articles/360040449893-Line-height-behavior#h_a6158c4e-b594-4640-b888-72b91f6dda03",404,
g790wdpoksaqx5caolc86,"https://help.figma.com/hc/en-us/articles/360040449893-Line-height-behavior","https://help.figma.com/hc/en-us/articles/360040449893-Line-height-behavior#h_9a1e311f-afdb-4f88-b149-66dd5daacd38",404,
nnje9gjjgusgy5nh6ikh0,"https://help.figma.com/hc/en-us/articles/360040449673-Add-text-in-Chinese-Japanese-and-Korean","https://help.figma.com/hc/en-us/articles/360039823654",404,
rh9yzbelos9hxn9fl09p3,"https://help.figma.com/hc/en-us/articles/27643269375767-Sample-colors-with-the-eyedropper-tool","https://help.figma.com/hc/article_attachments/27772294130455",404,
rh9yzbelos9hxn9fl09p3,"https://help.figma.com/hc/en-us/articles/27643269375767-Sample-colors-with-the-eyedropper-tool","https://help.figma.com/hc/article_attachments/27772294137495",404,
lv7n6xxusf7u84h67ljhd,"https://help.figma.com/hc/en-us/articles/360041003774-Apply-paints-with-the-color-picker","https://www.w3schools.com/cssref/css\_colors.asp",404,
qw6cddrm7iheh0j9q7ed9,"https://help.figma.com/hc/en-us/articles/360040667874-Use-blend-modes-to-create-unique-effects","https://help.figma.com/hc/article_attachments/18023949978903",404,
qw6cddrm7iheh0j9q7ed9,"https://help.figma.com/hc/en-us/articles/360040667874-Use-blend-modes-to-create-unique-effects","https://help.figma.com/hc/article_attachments/18023981439639",404,
qw6cddrm7iheh0j9q7ed9,"https://help.figma.com/hc/en-us/articles/360040667874-Use-blend-modes-to-create-unique-effects","https://help.figma.com/hc/article_attachments/360056934414",404,
ycs3d3pw8sy7s6naonndo,"https://help.figma.com/hc/en-us/articles/360040675194-Crop-an-image","https://help.figma.com/hc/article_attachments/19850538655127",404,
jlzdj44sea344rpbmldwd,"https://help.figma.com/hc/en-us/articles/360049283914-Apply-and-adjust-stroke-properties","https://help.figma.com/hc/en-us/articles/360040514533",404,
jlzdj44sea344rpbmldwd,"https://help.figma.com/hc/en-us/articles/360049283914-Apply-and-adjust-stroke-properties","https://help.figma.com/hc/en-us/articles/360040514533",404,
jlzdj44sea344rpbmldwd,"https://help.figma.com/hc/en-us/articles/360049283914-Apply-and-adjust-stroke-properties","https://help.figma.com/hc/article_attachments/13396696638871",404,
jlzdj44sea344rpbmldwd,"https://help.figma.com/hc/en-us/articles/360049283914-Apply-and-adjust-stroke-properties","https://help.figma.com/hc/article_attachments/4403364403479",404,
jlzdj44sea344rpbmldwd,"https://help.figma.com/hc/en-us/articles/360049283914-Apply-and-adjust-stroke-properties","https://help.figma.com/hc/article_attachments/360074909433",404,
r9gt30ncul3d243gwvgj2,"https://help.figma.com/hc/en-us/articles/360041488473-Apply-shadow-or-blur-effects","https://help.figma.com/hc/en-us/articles/360055203533",404,
56vaahgfq2vm5hiqtfasx,"https://help.figma.com/hc/en-us/articles/360040451373-Explore-auto-layout-properties","https://www.figma.com/community/file/784448220678228461/Figma-Auto-Layout-playground",403,
56vaahgfq2vm5hiqtfasx,"https://help.figma.com/hc/en-us/articles/360040451373-Explore-auto-layout-properties","https://www.figma.com/community/file/784448220678228461/Figma-Auto-Layout-playground",403,
56vaahgfq2vm5hiqtfasx,"https://help.figma.com/hc/en-us/articles/360040451373-Explore-auto-layout-properties","https://help.figma.com/hc/article_attachments/15808128127511",404,
56vaahgfq2vm5hiqtfasx,"https://help.figma.com/hc/en-us/articles/360040451373-Explore-auto-layout-properties","https://help.figma.com/hc/article_attachments/5979653499031",404,
56vaahgfq2vm5hiqtfasx,"https://help.figma.com/hc/en-us/articles/360040451373-Explore-auto-layout-properties","https://help.figma.com/hc/article_attachments/15808126300567",404,
56vaahgfq2vm5hiqtfasx,"https://help.figma.com/hc/en-us/articles/360040451373-Explore-auto-layout-properties","https://help.figma.com/hc/article_attachments/5979592573847",404,
56vaahgfq2vm5hiqtfasx,"https://help.figma.com/hc/en-us/articles/360040451373-Explore-auto-layout-properties","https://help.figma.com/hc/article_attachments/5979622245911",404,
56vaahgfq2vm5hiqtfasx,"https://help.figma.com/hc/en-us/articles/360040451373-Explore-auto-layout-properties","https://help.figma.com/hc/article_attachments/5979592636823",404,
56vaahgfq2vm5hiqtfasx,"https://help.figma.com/hc/en-us/articles/360040451373-Explore-auto-layout-properties","https://help.figma.com/hc/article_attachments/5979622155415",404,
56vaahgfq2vm5hiqtfasx,"https://help.figma.com/hc/en-us/articles/360040451373-Explore-auto-layout-properties","https://help.figma.com/hc/article_attachments/5979733694615",404,
56vaahgfq2vm5hiqtfasx,"https://help.figma.com/hc/en-us/articles/360040451373-Explore-auto-layout-properties","https://help.figma.com/hc/article_attachments/15808126303383",404,
56vaahgfq2vm5hiqtfasx,"https://help.figma.com/hc/en-us/articles/360040451373-Explore-auto-layout-properties","https://help.figma.com/hc/article_attachments/360097803874",404,
8wecjp9hmw0t0zsbjmq4r,"https://help.figma.com/hc/en-us/articles/5731424185879-Update-old-auto-layout-frames","https://help.figma.com/hc/article_attachments/6003697300503/Update_Auto_Layout_notice.png",404,
8wecjp9hmw0t0zsbjmq4r,"https://help.figma.com/hc/en-us/articles/5731424185879-Update-old-auto-layout-frames","https://help.figma.com/hc/article_attachments/6003687160983/Auto_Layout_Alignment.png",404,
zxw0k80hc1jr0ujnne7yu,"https://help.figma.com/hc/en-us/articles/360025508373-Publish-a-library","https://help.figma.com/hc/article_attachments/1500000598001",404,
zxw0k80hc1jr0ujnne7yu,"https://help.figma.com/hc/en-us/articles/360025508373-Publish-a-library","https://help.figma.com/hc/article_attachments/4420179559447",404,
zxw0k80hc1jr0ujnne7yu,"https://help.figma.com/hc/en-us/articles/360025508373-Publish-a-library","https://help.figma.com/hc/article_attachments/4414035935639",404,
zxw0k80hc1jr0ujnne7yu,"https://help.figma.com/hc/en-us/articles/360025508373-Publish-a-library","https://help.figma.com/hc/article_attachments/22211371170967",404,
gyvsdymexhp7u6dogunbd,"https://help.figma.com/hc/en-us/articles/360038662654-Guide-to-components-in-Figma","https://help.figma.com/hc/en-us/articles/360038665494",404,
94bnm7psmfenclciyc1hj,"https://help.figma.com/hc/en-us/articles/360056440594-Create-and-use-variants","https://help.figma.com/hc/en-us/articles/360039162653-Publish-a-file-to-a-Team-Library",404,
94bnm7psmfenclciyc1hj,"https://help.figma.com/hc/en-us/articles/360056440594-Create-and-use-variants","https://help.figma.com/hc/en-us/articles/360039162653-Publish-a-file-to-a-Team-Library",404,
uwbpisuw601rlfjd2iryc,"https://help.figma.com/hc/en-us/articles/5579474826519-Explore-component-properties","https://s3-alpha.figma.com/hub/file/2147991228325788207/0d577bb4-909a-4dbe-bea8-5243c375ce6b-cover.png",403,
uwbpisuw601rlfjd2iryc,"https://help.figma.com/hc/en-us/articles/5579474826519-Explore-component-properties","https://www.figma.com/community/file/1100581138025393004",403,
uwbpisuw601rlfjd2iryc,"https://help.figma.com/hc/en-us/articles/5579474826519-Explore-component-properties","https://www.figma.com/community/file/1100581138025393004",403,
uwbpisuw601rlfjd2iryc,"https://help.figma.com/hc/en-us/articles/5579474826519-Explore-component-properties","https://help.figma.com/hc/article_attachments/5990503244439",404,
uwbpisuw601rlfjd2iryc,"https://help.figma.com/hc/en-us/articles/5579474826519-Explore-component-properties","https://help.figma.com/hc/article_attachments/5990492077591",404,
uwbpisuw601rlfjd2iryc,"https://help.figma.com/hc/en-us/articles/5579474826519-Explore-component-properties","https://help.figma.com/hc/article_attachments/5990480494487",404,
uwbpisuw601rlfjd2iryc,"https://help.figma.com/hc/en-us/articles/5579474826519-Explore-component-properties","https://help.figma.com/hc/article_attachments/5990491788823",404,
uwbpisuw601rlfjd2iryc,"https://help.figma.com/hc/en-us/articles/5579474826519-Explore-component-properties","https://help.figma.com/hc/article_attachments/17916290114071",404,
uwbpisuw601rlfjd2iryc,"https://help.figma.com/hc/en-us/articles/5579474826519-Explore-component-properties","https://help.figma.com/hc/article_attachments/17916290101655",404,
uwbpisuw601rlfjd2iryc,"https://help.figma.com/hc/en-us/articles/5579474826519-Explore-component-properties","https://help.figma.com/hc/article_attachments/17916281585559",404,
uwbpisuw601rlfjd2iryc,"https://help.figma.com/hc/en-us/articles/5579474826519-Explore-component-properties","https://help.figma.com/hc/article_attachments/17916290108823",404,
k7trtgsk7zy0riethgyip,"https://help.figma.com/hc/en-us/articles/360055471353-Prepare-for-variants","https://help.figma.com/hc/article_attachments/360090303014",404,
k7trtgsk7zy0riethgyip,"https://help.figma.com/hc/en-us/articles/360055471353-Prepare-for-variants","https://help.figma.com/hc/article_attachments/360092476153",404,
k7trtgsk7zy0riethgyip,"https://help.figma.com/hc/en-us/articles/360055471353-Prepare-for-variants","https://help.figma.com/hc/en-us/articles/360055471353-Prepare-for-variants#name",404,
k7trtgsk7zy0riethgyip,"https://help.figma.com/hc/en-us/articles/360055471353-Prepare-for-variants","https://help.figma.com/hc/en-us/articles/360055471353-Prepare-for-variants#overrides",404,
k7trtgsk7zy0riethgyip,"https://help.figma.com/hc/en-us/articles/360055471353-Prepare-for-variants","https://help.figma.com/hc/en-us/articles/360055471353-Prepare-for-variants#canvas",404,
k7trtgsk7zy0riethgyip,"https://help.figma.com/hc/en-us/articles/360055471353-Prepare-for-variants","https://help.figma.com/hc/en-us/articles/360055471353-Prepare-for-variants#group",404,
k7trtgsk7zy0riethgyip,"https://help.figma.com/hc/en-us/articles/360055471353-Prepare-for-variants","https://help.figma.com/hc/article_attachments/360092476193",404,
k7trtgsk7zy0riethgyip,"https://help.figma.com/hc/en-us/articles/360055471353-Prepare-for-variants","https://help.figma.com/hc/article_attachments/360095586634",404,
k7trtgsk7zy0riethgyip,"https://help.figma.com/hc/en-us/articles/360055471353-Prepare-for-variants","https://help.figma.com/hc/article_attachments/360090303034",404,
scgchbk8m5sswlkcu7alf,"https://help.figma.com/hc/en-us/articles/360038663154-Create-components-to-reuse-in-designs","https://help.figma.com/hc/article_attachments/10653134938263",404,
scgchbk8m5sswlkcu7alf,"https://help.figma.com/hc/en-us/articles/360038663154-Create-components-to-reuse-in-designs","https://help.figma.com/hc/article_attachments/10653422995351",404,
u2w0h7a75hjcfdbt2db2z,"https://help.figma.com/hc/en-us/articles/360061175334-Create-interactive-components-with-variants","https://www.figma.com/community/file/1033456279024883078",403,
u2w0h7a75hjcfdbt2db2z,"https://help.figma.com/hc/en-us/articles/360061175334-Create-interactive-components-with-variants","https://www.figma.com/community/file/1033456279024883078",403,
3kb0c104rfe32emuglifx,"https://help.figma.com/hc/en-us/articles/14506821864087-Overview-of-variables-collections-and-modes","https://help.figma.com/hc/article_attachments/15455006796823",404,
g6k38ih12bm5gbpytadl4,"https://help.figma.com/hc/en-us/articles/15343816063383-Modes-for-variables","https://help.figma.com/hc/article_attachments/15457392374295",404,
g6k38ih12bm5gbpytadl4,"https://help.figma.com/hc/en-us/articles/15343816063383-Modes-for-variables","https://help.figma.com/hc/article_attachments/15463241297047",404,
g6k38ih12bm5gbpytadl4,"https://help.figma.com/hc/en-us/articles/15343816063383-Modes-for-variables","https://help.figma.com/hc/article_attachments/15463138683415",404,
g6k38ih12bm5gbpytadl4,"https://help.figma.com/hc/en-us/articles/15343816063383-Modes-for-variables","https://help.figma.com/hc/article_attachments/20660299911447",404,
0ookewty1rdl0fl21wfsw,"https://help.figma.com/hc/en-us/articles/15339657135383-Guide-to-variables-in-Figma","https://www.figma.com/community/file/1234936397107899445",403,
0ookewty1rdl0fl21wfsw,"https://help.figma.com/hc/en-us/articles/15339657135383-Guide-to-variables-in-Figma","https://www.figma.com/community/file/1234939241273272375",403,
0ookewty1rdl0fl21wfsw,"https://help.figma.com/hc/en-us/articles/15339657135383-Guide-to-variables-in-Figma","https://www.figma.com/developers/api#variables",404,
0ookewty1rdl0fl21wfsw,"https://help.figma.com/hc/en-us/articles/15339657135383-Guide-to-variables-in-Figma","https://www.figma.com/community/file/1270821372236564565",403,
w6c5rljmysisjfxa7rgq3,"https://help.figma.com/hc/en-us/articles/15145852043927-Create-and-manage-variables","https://help.figma.com/hc/article_attachments/26964426792983",404,
w6c5rljmysisjfxa7rgq3,"https://help.figma.com/hc/en-us/articles/15145852043927-Create-and-manage-variables","https://help.figma.com/hc/article_attachments/15366818907543",404,
w6c5rljmysisjfxa7rgq3,"https://help.figma.com/hc/en-us/articles/15145852043927-Create-and-manage-variables","https://help.figma.com/hc/article_attachments/15808564917399",404,
w6c5rljmysisjfxa7rgq3,"https://help.figma.com/hc/en-us/articles/15145852043927-Create-and-manage-variables","https://help.figma.com/hc/article_attachments/26964426795287",404,
w6c5rljmysisjfxa7rgq3,"https://help.figma.com/hc/en-us/articles/15145852043927-Create-and-manage-variables","https://help.figma.com/hc/article_attachments/23831699293207",404,
w6c5rljmysisjfxa7rgq3,"https://help.figma.com/hc/en-us/articles/15145852043927-Create-and-manage-variables","https://help.figma.com/hc/article_attachments/16822228932887",404,
w6c5rljmysisjfxa7rgq3,"https://help.figma.com/hc/en-us/articles/15145852043927-Create-and-manage-variables","https://help.figma.com/hc/article_attachments/15808735470999",404,
xseqwqazei41uwrlyhv4w,"https://help.figma.com/hc/en-us/articles/15343107263511-Apply-variables-to-designs","https://help.figma.com/hc/article_attachments/15462617921303",404,
xseqwqazei41uwrlyhv4w,"https://help.figma.com/hc/en-us/articles/15343107263511-Apply-variables-to-designs","https://help.figma.com/hc/article_attachments/22830447034647",404,
xseqwqazei41uwrlyhv4w,"https://help.figma.com/hc/en-us/articles/15343107263511-Apply-variables-to-designs","https://help.figma.com/hc/article_attachments/22830447036439",404,
xseqwqazei41uwrlyhv4w,"https://help.figma.com/hc/en-us/articles/15343107263511-Apply-variables-to-designs","https://help.figma.com/hc/article_attachments/22830437811095",404,
xseqwqazei41uwrlyhv4w,"https://help.figma.com/hc/en-us/articles/15343107263511-Apply-variables-to-designs","https://help.figma.com/hc/article_attachments/22830565897879",404,
fa3c7ata1bf840bokfa3r,"https://help.figma.com/hc/en-us/articles/360039236853-Unpublish-a-library","https://help.figma.com/hc/article_attachments/10275743310999",404,
zbm2r380q8mv659njyx74,"https://help.figma.com/hc/en-us/articles/7938814091287-Add-descriptions-to-styles-components-and-variables","https://help.figma.com/hc/article_attachments/8389262931863",404,
zbm2r380q8mv659njyx74,"https://help.figma.com/hc/en-us/articles/7938814091287-Add-descriptions-to-styles-components-and-variables","https://help.figma.com/hc/article_attachments/8389245034263",404,
zbm2r380q8mv659njyx74,"https://help.figma.com/hc/en-us/articles/7938814091287-Add-descriptions-to-styles-components-and-variables","https://help.figma.com/hc/article_attachments/8389296328855",404,
zbm2r380q8mv659njyx74,"https://help.figma.com/hc/en-us/articles/7938814091287-Add-descriptions-to-styles-components-and-variables","https://help.figma.com/hc/article_attachments/8389297304855",404,
zbm2r380q8mv659njyx74,"https://help.figma.com/hc/en-us/articles/7938814091287-Add-descriptions-to-styles-components-and-variables","https://help.figma.com/hc/article_attachments/8389269376407",404,
zbm2r380q8mv659njyx74,"https://help.figma.com/hc/en-us/articles/7938814091287-Add-descriptions-to-styles-components-and-variables","https://help.figma.com/hc/article_attachments/8424436630039",404,
zbm2r380q8mv659njyx74,"https://help.figma.com/hc/en-us/articles/7938814091287-Add-descriptions-to-styles-components-and-variables","https://help.figma.com/hc/article_attachments/8389299428503",404,
zbm2r380q8mv659njyx74,"https://help.figma.com/hc/en-us/articles/7938814091287-Add-descriptions-to-styles-components-and-variables","https://help.figma.com/hc/article_attachments/8389321406359",404,
zbm2r380q8mv659njyx74,"https://help.figma.com/hc/en-us/articles/7938814091287-Add-descriptions-to-styles-components-and-variables","https://help.figma.com/hc/article_attachments/8389322306199",404,
zbm2r380q8mv659njyx74,"https://help.figma.com/hc/en-us/articles/7938814091287-Add-descriptions-to-styles-components-and-variables","https://help.figma.com/hc/article_attachments/21003186287639",404,
zbm2r380q8mv659njyx74,"https://help.figma.com/hc/en-us/articles/7938814091287-Add-descriptions-to-styles-components-and-variables","https://help.figma.com/hc/article_attachments/21003186295575",404,
nsfjckq7mz8jptkikkdqk,"https://help.figma.com/hc/en-us/articles/4404848314647-Move-published-components","https://help.figma.com/hc/article_attachments/4406461784855",404,
nsfjckq7mz8jptkikkdqk,"https://help.figma.com/hc/en-us/articles/4404848314647-Move-published-components","https://help.figma.com/hc/article_attachments/22212088201367",404,
optsca2kgfsvqs9q2hdc7,"https://help.figma.com/hc/en-us/articles/360039238193-Hide-styles-components-and-variables-when-publishing","https://help.figma.com/hc/en-us/articles/360038682574",404,
optsca2kgfsvqs9q2hdc7,"https://help.figma.com/hc/en-us/articles/360039238193-Hide-styles-components-and-variables-when-publishing","https://help.figma.com/hc/en-us/articles/360038682574",404,
optsca2kgfsvqs9q2hdc7,"https://help.figma.com/hc/en-us/articles/360039238193-Hide-styles-components-and-variables-when-publishing","https://help.figma.com/hc/en-us/articles/360038682574",404,
8m2utamqnjo0byj3i9t0u,"https://help.figma.com/hc/en-us/articles/24037833895831-Get-started-with-Apple-s-UI-kit","https://www.figma.com/community/file/1385659531316001292",403,
aoerf0p2wibuml2d5ysvr,"https://help.figma.com/hc/en-us/articles/4404856784663-Swap-style-and-component-libraries","https://www.figma.com/community",403,
aoerf0p2wibuml2d5ysvr,"https://help.figma.com/hc/en-us/articles/4404856784663-Swap-style-and-component-libraries","https://www.figma.com/community",403,
aoerf0p2wibuml2d5ysvr,"https://help.figma.com/hc/en-us/articles/4404856784663-Swap-style-and-component-libraries","https://help.figma.com/hc/article_attachments/18345078500759",404,
aoerf0p2wibuml2d5ysvr,"https://help.figma.com/hc/en-us/articles/4404856784663-Swap-style-and-component-libraries","https://help.figma.com/hc/article_attachments/18345078512535",404,
aoerf0p2wibuml2d5ysvr,"https://help.figma.com/hc/en-us/articles/4404856784663-Swap-style-and-component-libraries","https://help.figma.com/hc/article_attachments/4409112317847",404,
aoerf0p2wibuml2d5ysvr,"https://help.figma.com/hc/en-us/articles/4404856784663-Swap-style-and-component-libraries","https://help.figma.com/hc/article_attachments/4406468918167",404,
aoerf0p2wibuml2d5ysvr,"https://help.figma.com/hc/en-us/articles/4404856784663-Swap-style-and-component-libraries","https://help.figma.com/hc/article_attachments/4409096891031",404,
e6ljw61yla6j0yhqtjc2h,"https://help.figma.com/hc/en-us/articles/360038665754-Detach-an-instance-from-the-component","https://help.figma.com/hc/article_attachments/360089572114",404,
e6ljw61yla6j0yhqtjc2h,"https://help.figma.com/hc/en-us/articles/360038665754-Detach-an-instance-from-the-component","https://help.figma.com/hc/article_attachments/360053132834",404,
kn7irjnhad81rowkg1t2q,"https://help.figma.com/hc/en-us/articles/24037724065943-Start-designing-with-UI-kits","https://www.figma.com/community/file/1385659531316001292",403,
kn7irjnhad81rowkg1t2q,"https://help.figma.com/hc/en-us/articles/24037724065943-Start-designing-with-UI-kits","https://www.figma.com/community/file/1035203688168086460/material-3-design-kit",403,
kn7irjnhad81rowkg1t2q,"https://help.figma.com/hc/en-us/articles/24037724065943-Start-designing-with-UI-kits","https://www.figma.com/community/file/1380235722331273046/simple-design-system",403,
9ahmvmpyoq98h7cpishjb,"https://help.figma.com/hc/en-us/articles/360039234193-Review-and-accept-library-updates","https://help.figma.com/hc/article_attachments/22210839167639",404,
9ahmvmpyoq98h7cpishjb,"https://help.figma.com/hc/en-us/articles/360039234193-Review-and-accept-library-updates","https://help.figma.com/hc/article_attachments/19554802487575",404,
9ahmvmpyoq98h7cpishjb,"https://help.figma.com/hc/en-us/articles/360039234193-Review-and-accept-library-updates","https://help.figma.com/hc/article_attachments/19554831810327",404,
9ahmvmpyoq98h7cpishjb,"https://help.figma.com/hc/en-us/articles/360039234193-Review-and-accept-library-updates","https://help.figma.com/hc/article_attachments/11574401606551",404,
9ahmvmpyoq98h7cpishjb,"https://help.figma.com/hc/en-us/articles/360039234193-Review-and-accept-library-updates","https://help.figma.com/hc/article_attachments/11574372724247",404,
ird0htkwmxnfrkqyaz83y,"https://help.figma.com/hc/en-us/articles/360039150173-Create-and-insert-component-instances","https://help.figma.com/hc/en-us/articles/360040530413",404,
ird0htkwmxnfrkqyaz83y,"https://help.figma.com/hc/en-us/articles/360039150173-Create-and-insert-component-instances","https://help.figma.com/hc/article_attachments/18343414585495",404,
ird0htkwmxnfrkqyaz83y,"https://help.figma.com/hc/en-us/articles/360039150173-Create-and-insert-component-instances","https://help.figma.com/article/29-team-library",404,
ird0htkwmxnfrkqyaz83y,"https://help.figma.com/hc/en-us/articles/360039150173-Create-and-insert-component-instances","https://help.figma.com/hc/en-us/articles/360040530413",404,
ird0htkwmxnfrkqyaz83y,"https://help.figma.com/hc/en-us/articles/360039150173-Create-and-insert-component-instances","https://help.figma.com/hc/article_attachments/18924148946711",404,
ird0htkwmxnfrkqyaz83y,"https://help.figma.com/hc/en-us/articles/360039150173-Create-and-insert-component-instances","https://help.figma.com/hc/article_attachments/18343414599831",404,
48gww5cu3engetf85qrrq,"https://help.figma.com/hc/en-us/articles/360039150733-Apply-changes-to-instances","https://help.figma.com/hc/en-us/articles/%E2%80%9Chttps://help.figma.com/hc/en-us/articles/360040623954-Add-fills-to-text-and-shape-layers%E2%80%9D",404,
48gww5cu3engetf85qrrq,"https://help.figma.com/hc/en-us/articles/360039150733-Apply-changes-to-instances","https://help.figma.com/hc/en-us/articles/%E2%80%9Chttps://help.figma.com/hc/en-us/articles/360038665754-Detach-an-instance-from-the-component%E2%80%9D",404,
48gww5cu3engetf85qrrq,"https://help.figma.com/hc/en-us/articles/360039150733-Apply-changes-to-instances","https://help.figma.com/hc/en-us/articles/%E2%80%9Chttps://help.figma.com/hc/en-us/articles/360038665934#Publish_changes_to_the_library%E2%80%9D",404,
e8vd640vmwxalwhgiyfzk,"https://help.figma.com/hc/en-us/articles/1500008731201-Add-or-remove-a-library-from-a-design-file","https://help.figma.com/hc/article_attachments/20650201410199",404,
e8vd640vmwxalwhgiyfzk,"https://help.figma.com/hc/en-us/articles/1500008731201-Add-or-remove-a-library-from-a-design-file","https://help.figma.com/hc/article_attachments/15346497244439",404,
e8vd640vmwxalwhgiyfzk,"https://help.figma.com/hc/en-us/articles/1500008731201-Add-or-remove-a-library-from-a-design-file","https://help.figma.com/hc/article_attachments/15346481564567",404,
e8vd640vmwxalwhgiyfzk,"https://help.figma.com/hc/en-us/articles/1500008731201-Add-or-remove-a-library-from-a-design-file","https://help.figma.com/hc/article_attachments/15346481565463",404,
8m8qyu6zfexo1eba3yxig,"https://help.figma.com/hc/en-us/articles/360039150413-Swap-components-and-instances","https://help.figma.com/hc/article_attachments/360091725133",404,
8m8qyu6zfexo1eba3yxig,"https://help.figma.com/hc/en-us/articles/360039150413-Swap-components-and-instances","https://help.figma.com/hc/article_attachments/360089567354",404,
8m8qyu6zfexo1eba3yxig,"https://help.figma.com/hc/en-us/articles/360039150413-Swap-components-and-instances","https://help.figma.com/hc/article_attachments/360098219493",404,
8m8qyu6zfexo1eba3yxig,"https://help.figma.com/hc/en-us/articles/360039150413-Swap-components-and-instances","https://help.figma.com/hc/article_attachments/18345426620695",404,
8m8qyu6zfexo1eba3yxig,"https://help.figma.com/hc/en-us/articles/360039150413-Swap-components-and-instances","https://help.figma.com/hc/article_attachments/360091725113",404,
kjg3aua9kxay0q0yumox5,"https://help.figma.com/hc/en-us/articles/15023124644247-Guide-to-Dev-Mode","https://www.figma.com/community/file/1286813780866360645/plugins-for-dev-mode-playground",403,
kjg3aua9kxay0q0yumox5,"https://help.figma.com/hc/en-us/articles/15023124644247-Guide-to-Dev-Mode","https://help.figma.com/hc/article_attachments/15463250897815",404,
kjg3aua9kxay0q0yumox5,"https://help.figma.com/hc/en-us/articles/15023124644247-Guide-to-Dev-Mode","https://help.figma.com/hc/article_attachments/15463209411479",404,
kjg3aua9kxay0q0yumox5,"https://help.figma.com/hc/en-us/articles/15023124644247-Guide-to-Dev-Mode","https://help.figma.com/hc/article_attachments/15463296380695",404,
kjg3aua9kxay0q0yumox5,"https://help.figma.com/hc/en-us/articles/15023124644247-Guide-to-Dev-Mode","https://help.figma.com/hc/article_attachments/21009534539927",404,
kjg3aua9kxay0q0yumox5,"https://help.figma.com/hc/en-us/articles/15023124644247-Guide-to-Dev-Mode","https://help.figma.com/hc/article_attachments/24382888530711",404,
kjg3aua9kxay0q0yumox5,"https://help.figma.com/hc/en-us/articles/15023124644247-Guide-to-Dev-Mode","https://help.figma.com/hc/article_attachments/24382888532759",404,
kjg3aua9kxay0q0yumox5,"https://help.figma.com/hc/en-us/articles/15023124644247-Guide-to-Dev-Mode","https://www.figma.com/community/file/1286813780866360645/plugins-for-dev-mode-playground",403,
2ivhjyvaquvejixcl2zjn,"https://help.figma.com/hc/en-us/articles/20652568757399-What-s-new-in-Dev-Mode","https://help.figma.com/hc/article_attachments/20863111073815",404,
2ivhjyvaquvejixcl2zjn,"https://help.figma.com/hc/en-us/articles/20652568757399-What-s-new-in-Dev-Mode","https://help.figma.com/hc/article_attachments/20863143745047",404,
2ivhjyvaquvejixcl2zjn,"https://help.figma.com/hc/en-us/articles/20652568757399-What-s-new-in-Dev-Mode","https://help.figma.com/hc/article_attachments/20863143753623",404,
2ivhjyvaquvejixcl2zjn,"https://help.figma.com/hc/en-us/articles/20652568757399-What-s-new-in-Dev-Mode","https://help.figma.com/hc/article_attachments/20863143764631",404,
j5gpaib7iarwp4y2snosh,"https://help.figma.com/hc/en-us/articles/15023152204951-Navigate-designs-in-Dev-Mode","https://help.figma.com/hc/en-us/articles/20652568757399-What-s-coming-after-the-Dev-Mode-beta",404,
j5gpaib7iarwp4y2snosh,"https://help.figma.com/hc/en-us/articles/15023152204951-Navigate-designs-in-Dev-Mode","https://help.figma.com/hc/en-us/articles/20652568757399#h_01HMY6W4HH5HTCSXVCTN64R6FG",404,
xwrfpzuj0lgczk6a10qqa,"https://help.figma.com/hc/en-us/articles/19813618057623-Dev-Mode-for-admins","https://help.figma.com/hc/en-us/articles/20652568757399-What-s-coming-after-the-Dev-Mode-beta#h_01HMY6WRGVHZSXN9Q957AJQMW0",404,
xwrfpzuj0lgczk6a10qqa,"https://help.figma.com/hc/en-us/articles/19813618057623-Dev-Mode-for-admins","https://help.figma.com/hc/article_attachments/28287152247703",404,
xwrfpzuj0lgczk6a10qqa,"https://help.figma.com/hc/en-us/articles/19813618057623-Dev-Mode-for-admins","https://help.figma.com/hc/en-us/articles/20652568757399-What-s-coming-after-the-Dev-Mode-beta#h_01HMY6WRGVHZSXN9Q957AJQMW0",404,
y28uu7y4p6sl200ap2kvs,"https://help.figma.com/hc/en-us/articles/20774752502935-Add-measurements-and-annotate-designs-in-Dev-Mode","https://help.figma.com/hc/article_attachments/26967606222615",404,
y28uu7y4p6sl200ap2kvs,"https://help.figma.com/hc/en-us/articles/20774752502935-Add-measurements-and-annotate-designs-in-Dev-Mode","https://help.figma.com/hc/article_attachments/26967591469847",404,
y28uu7y4p6sl200ap2kvs,"https://help.figma.com/hc/en-us/articles/20774752502935-Add-measurements-and-annotate-designs-in-Dev-Mode","https://help.figma.com/hc/article_attachments/20985939626263",404,
y28uu7y4p6sl200ap2kvs,"https://help.figma.com/hc/en-us/articles/20774752502935-Add-measurements-and-annotate-designs-in-Dev-Mode","https://help.figma.com/hc/article_attachments/20998671628951",404,
y28uu7y4p6sl200ap2kvs,"https://help.figma.com/hc/en-us/articles/20774752502935-Add-measurements-and-annotate-designs-in-Dev-Mode","https://help.figma.com/hc/article_attachments/20998454909207",404,
y28uu7y4p6sl200ap2kvs,"https://help.figma.com/hc/en-us/articles/20774752502935-Add-measurements-and-annotate-designs-in-Dev-Mode","https://help.figma.com/hc/article_attachments/20998449602711",404,
el7nfxqs3b7ijh1p93oxu,"https://help.figma.com/hc/en-us/articles/15023193382935-Compare-changes-in-Dev-Mode","https://help.figma.com/hc/en-us/articles/20652568757399#h_01HMY6W4HH5HTCSXVCTN64R6FG",404,
el7nfxqs3b7ijh1p93oxu,"https://help.figma.com/hc/en-us/articles/15023193382935-Compare-changes-in-Dev-Mode","https://help.figma.com/hc/en-us/articles/20652568757399#h_01HMY6W4HH5HTCSXVCTN64R6FG",404,
4129q6l298snvkosk8mwp,"https://help.figma.com/hc/en-us/articles/15023231995927-Link-Dev-resources-to-layers-in-Dev-Mode","https://help.figma.com/hc/en-us/articles/20652568757399#h_01HMY6W4HH5HTCSXVCTN64R6FG",404,
gclxxy50xq4tg2eogltdb,"https://help.figma.com/hc/en-us/articles/15023202277399-Use-code-snippets-in-Dev-Mode","https://help.figma.com/hc/en-us/articles/20652568757399#h_01HMY6W4HH5HTCSXVCTN64R6FG",404,
gclxxy50xq4tg2eogltdb,"https://help.figma.com/hc/en-us/articles/15023202277399-Use-code-snippets-in-Dev-Mode","https://www.figma.com/developers/code-connect",404,
2z5aewsa1vrx37s4rrn0u,"https://help.figma.com/hc/en-us/articles/15023121296151-Figma-for-VS-Code","https://marketplace.visualstudio.com/items?itemName=figma.figma-vscode-extension",404,
q3ekcw97qywqbfibro4k1,"https://help.figma.com/hc/en-us/articles/23919923330455-Dev-Mode-focus-view","https://help.figma.com/hc/article_attachments/24380124063383",404,
q3ekcw97qywqbfibro4k1,"https://help.figma.com/hc/en-us/articles/23919923330455-Dev-Mode-focus-view","https://help.figma.com/hc/article_attachments/24380124064151",404,
q3ekcw97qywqbfibro4k1,"https://help.figma.com/hc/en-us/articles/23919923330455-Dev-Mode-focus-view","https://help.figma.com/hc/article_attachments/24380124064663",404,
q3ekcw97qywqbfibro4k1,"https://help.figma.com/hc/en-us/articles/23919923330455-Dev-Mode-focus-view","https://help.figma.com/hc/article_attachments/24380113284247",404,
q3ekcw97qywqbfibro4k1,"https://help.figma.com/hc/en-us/articles/23919923330455-Dev-Mode-focus-view","https://help.figma.com/hc/article_attachments/24380124066455",404,
q3ekcw97qywqbfibro4k1,"https://help.figma.com/hc/en-us/articles/23919923330455-Dev-Mode-focus-view","https://help.figma.com/hc/article_attachments/24380124067479",404,
q3ekcw97qywqbfibro4k1,"https://help.figma.com/hc/en-us/articles/23919923330455-Dev-Mode-focus-view","https://help.figma.com/hc/article_attachments/24380124068119",404,
ftjd8lu2za7ywsu3idcbk,"https://help.figma.com/hc/en-us/articles/360040314193-Guide-to-prototyping-in-Figma","https://help.figma.com/hc/en-us/articles/360039822654",404,
umqgtcbt11mqhx1scbshu,"https://help.figma.com/hc/en-us/articles/360041486873-Use-animated-GIFs-in-prototypes","https://help.figma.com/article/202-viewing-prototypes-with-presentation-view",404,
umqgtcbt11mqhx1scbshu,"https://help.figma.com/hc/en-us/articles/360041486873-Use-animated-GIFs-in-prototypes","https://help.figma.com/hc/article_attachments/360055310853",404,
et2je5nhokxj2qq87tyh5,"https://help.figma.com/hc/en-us/articles/15253268379799-Variable-modes-in-prototypes","https://www.figma.com/community/file/1234939241273272375",403,
et2je5nhokxj2qq87tyh5,"https://help.figma.com/hc/en-us/articles/15253268379799-Variable-modes-in-prototypes","https://www.figma.com/community/file/1234939241273272375",403,
8mmqmoq3vyc3ry9ceu7ut,"https://help.figma.com/hc/en-us/articles/15253194385943-Use-expressions-in-prototypes","https://www.figma.com/community/file/1234939241273272375",403,
60pxpx4gbj8lfx59xeise,"https://help.figma.com/hc/en-us/articles/8878274530455-Use-videos-in-prototypes","https://www.figma.com/community/file/1155152691809198766",403,
uddt9wp4qosh4v8mqanoj,"https://help.figma.com/hc/en-us/articles/360040315773-Create-interactions","https://www.youtube.com/watch?v=-d6zNGeF59M",Error,"This operation was aborted"
svc3xppa9exczl259jyty,"https://help.figma.com/hc/en-us/articles/15253220891799-Multiple-actions-and-conditionals","https://www.figma.com/community/file/1234939241273272375",403,
svc3xppa9exczl259jyty,"https://help.figma.com/hc/en-us/articles/15253220891799-Multiple-actions-and-conditionals","https://www.figma.com/community/file/1234939241273272375",403,
xf197v6vmkgkqw3d81pky,"https://help.figma.com/hc/en-us/articles/14506587589399-Use-variables-in-prototypes","https://www.figma.com/community/file/1234939241273272375",403,
xf197v6vmkgkqw3d81pky,"https://help.figma.com/hc/en-us/articles/14506587589399-Use-variables-in-prototypes","https://www.figma.com/community/file/1234939241273272375",403,
xf197v6vmkgkqw3d81pky,"https://help.figma.com/hc/en-us/articles/14506587589399-Use-variables-in-prototypes","https://help.figma.com/hc/article_attachments/15249270895767",404,
xf197v6vmkgkqw3d81pky,"https://help.figma.com/hc/en-us/articles/14506587589399-Use-variables-in-prototypes","https://help.figma.com/hc/article_attachments/15257294680599",404,
xf197v6vmkgkqw3d81pky,"https://help.figma.com/hc/en-us/articles/14506587589399-Use-variables-in-prototypes","https://help.figma.com/hc/article_attachments/15255959587991",404,
xf197v6vmkgkqw3d81pky,"https://help.figma.com/hc/en-us/articles/14506587589399-Use-variables-in-prototypes","https://help.figma.com/hc/article_attachments/15255959593879",404,
xf197v6vmkgkqw3d81pky,"https://help.figma.com/hc/en-us/articles/14506587589399-Use-variables-in-prototypes","https://help.figma.com/hc/article_attachments/15255930490519",404,
xf197v6vmkgkqw3d81pky,"https://help.figma.com/hc/en-us/articles/14506587589399-Use-variables-in-prototypes","https://help.figma.com/hc/article_attachments/15261904770839",404,
xf197v6vmkgkqw3d81pky,"https://help.figma.com/hc/en-us/articles/14506587589399-Use-variables-in-prototypes","https://help.figma.com/hc/article_attachments/15256410095895",404,
xf197v6vmkgkqw3d81pky,"https://help.figma.com/hc/en-us/articles/14506587589399-Use-variables-in-prototypes","https://help.figma.com/hc/article_attachments/15256431741463",404,
xf197v6vmkgkqw3d81pky,"https://help.figma.com/hc/en-us/articles/14506587589399-Use-variables-in-prototypes","https://help.figma.com/hc/article_attachments/15256431743127",404,
xf197v6vmkgkqw3d81pky,"https://help.figma.com/hc/en-us/articles/14506587589399-Use-variables-in-prototypes","https://help.figma.com/hc/article_attachments/15256410107031",404,
xf197v6vmkgkqw3d81pky,"https://help.figma.com/hc/en-us/articles/14506587589399-Use-variables-in-prototypes","https://help.figma.com/hc/article_attachments/15253641613335",404,
xf197v6vmkgkqw3d81pky,"https://help.figma.com/hc/en-us/articles/14506587589399-Use-variables-in-prototypes","https://help.figma.com/hc/article_attachments/15256862369047",404,
xf197v6vmkgkqw3d81pky,"https://help.figma.com/hc/en-us/articles/14506587589399-Use-variables-in-prototypes","https://help.figma.com/hc/article_attachments/15256862370327",404,
xf197v6vmkgkqw3d81pky,"https://help.figma.com/hc/en-us/articles/14506587589399-Use-variables-in-prototypes","https://help.figma.com/hc/article_attachments/15256862373015",404,
xf197v6vmkgkqw3d81pky,"https://help.figma.com/hc/en-us/articles/14506587589399-Use-variables-in-prototypes","https://help.figma.com/hc/article_attachments/15256852740887",404,
83h6q1l6dqnqfy8ifopet,"https://help.figma.com/hc/en-us/articles/360040321093-View-prototypes-on-a-mobile-device","https://help.figma.com/hc/en-us/articles/360039822654",404,
j9i9gw6wd9wysjid6bg2v,"https://help.figma.com/hc/en-us/articles/21158597546391-Set-prototype-device-and-background-settings","https://help.figma.com/hc/article_attachments/21159000370455",404,
17m6fu7xzm3wukx3pxtzg,"https://help.figma.com/hc/en-us/articles/360040318013-Play-your-prototypes","https://help.figma.com/hc/en-us/articles/360039956814",404,
j35efw2ulw0gk5rxy755r,"https://help.figma.com/hc/en-us/articles/7810391964695-Accessible-prototypes-in-Figma","https://www.figma.com/community/file/1167124335986833540",403,
b27wdtzbzawtlr5zfdoxw,"https://help.figma.com/hc/en-us/articles/360040028114-Export-from-Figma-Design","https://help.figma.com/hc/article_attachments/29127905493527",404,
b27wdtzbzawtlr5zfdoxw,"https://help.figma.com/hc/en-us/articles/360040028114-Export-from-Figma-Design","https://help.figma.com/hc/article_attachments/29127912493975",404,
b27wdtzbzawtlr5zfdoxw,"https://help.figma.com/hc/en-us/articles/360040028114-Export-from-Figma-Design","https://help.figma.com/hc/article_attachments/29127912496535",404,
dd6y50ey9j18jsxwis8cd,"https://help.figma.com/hc/en-us/articles/22690735962263-Create-a-tooltip-component-set","https://help.figma.com/hc/article_attachments/22690721602455",404,
dd6y50ey9j18jsxwis8cd,"https://help.figma.com/hc/en-us/articles/22690735962263-Create-a-tooltip-component-set","https://help.figma.com/hc/article_attachments/22691197580823",404,
dd6y50ey9j18jsxwis8cd,"https://help.figma.com/hc/en-us/articles/22690735962263-Create-a-tooltip-component-set","https://help.figma.com/hc/article_attachments/22691240533015",404,
dd6y50ey9j18jsxwis8cd,"https://help.figma.com/hc/en-us/articles/22690735962263-Create-a-tooltip-component-set","https://help.figma.com/hc/article_attachments/22691381049367",404,
dd6y50ey9j18jsxwis8cd,"https://help.figma.com/hc/en-us/articles/22690735962263-Create-a-tooltip-component-set","https://help.figma.com/hc/article_attachments/22691497345943",404,
dd6y50ey9j18jsxwis8cd,"https://help.figma.com/hc/en-us/articles/22690735962263-Create-a-tooltip-component-set","https://help.figma.com/hc/article_attachments/22691681254679",404,
dd6y50ey9j18jsxwis8cd,"https://help.figma.com/hc/en-us/articles/22690735962263-Create-a-tooltip-component-set","https://help.figma.com/hc/article_attachments/22691652419223",404,
dd6y50ey9j18jsxwis8cd,"https://help.figma.com/hc/en-us/articles/22690735962263-Create-a-tooltip-component-set","https://help.figma.com/hc/article_attachments/22691681272215",404,
dd6y50ey9j18jsxwis8cd,"https://help.figma.com/hc/en-us/articles/22690735962263-Create-a-tooltip-component-set","https://help.figma.com/hc/article_attachments/22691681276695",404,
dd6y50ey9j18jsxwis8cd,"https://help.figma.com/hc/en-us/articles/22690735962263-Create-a-tooltip-component-set","https://help.figma.com/hc/article_attachments/22690721602455",404,
dd6y50ey9j18jsxwis8cd,"https://help.figma.com/hc/en-us/articles/22690735962263-Create-a-tooltip-component-set","https://help.figma.com/hc/article_attachments/22691652437143",404,
9ydqk7gylunes06uhcm9v,"https://help.figma.com/hc/en-us/articles/360040030374-Copy-assets-between-design-tools","https://www.figma.com/community/plugin/745330164019088593/Zeplin",403,
la5jtzkpz5d3i1u2hjek2,"https://help.figma.com/hc/en-us/articles/360041547593-View-and-manage-comments","https://help.figma/hc/en-us/articles/360041068574",Error,"fetch failed"
ponnrzthtzhn5lucyngxj,"https://help.figma.com/hc/en-us/articles/360039824594-Comment-on-prototypes","https://help.figma.com/hc/en-us/articles/360039823654",404,
ponnrzthtzhn5lucyngxj,"https://help.figma.com/hc/en-us/articles/360039824594-Comment-on-prototypes","https://help.figma.com/hc/en-us/articles/360041068574s#emoji",400,
ponnrzthtzhn5lucyngxj,"https://help.figma.com/hc/en-us/articles/360039824594-Comment-on-prototypes","https://help.figma.com/hc/en-us/articles/360041068574s#emoji",400,
dbq01cib5y2j9csoaau6n,"https://help.figma.com/hc/en-us/articles/360041068574-Add-comments-to-files","https://help.figma.com/hc/article_attachments/4413346038295",404,
otx7ga68waqkf2mrd5fki,"https://help.figma.com/hc/en-us/articles/360040521453-Optimize-design-files-for-developer-handoff","https://www.figma.com/c/plugin/749583881837062159/Component-Page",403,
otx7ga68waqkf2mrd5fki,"https://help.figma.com/hc/en-us/articles/360040521453-Optimize-design-files-for-developer-handoff","https://help.figma.com/hc/en-us/articles/360039822654",404,
otx7ga68waqkf2mrd5fki,"https://help.figma.com/hc/en-us/articles/360040521453-Optimize-design-files-for-developer-handoff","https://help.figma.com/hc/en-us/articles/360055203533",404,
otx7ga68waqkf2mrd5fki,"https://help.figma.com/hc/en-us/articles/360040521453-Optimize-design-files-for-developer-handoff","https://help.figma.com/hc/en-us/articles/360055203533",404,
ik2h55tlduvm2pa8quvlq,"https://help.figma.com/hc/en-us/articles/16118297069463-Create-a-photo-gallery-prototype","https://help.figma.com/hc/en-us/articles/360039956474-Create-and-edit-text",404,
ik2h55tlduvm2pa8quvlq,"https://help.figma.com/hc/en-us/articles/16118297069463-Create-a-photo-gallery-prototype","https://help.figma.com/hc/en-us/articles/figma.new",400,
ik2h55tlduvm2pa8quvlq,"https://help.figma.com/hc/en-us/articles/16118297069463-Create-a-photo-gallery-prototype","https://help.figma.com/hc/en-us/articles/360039956474-Create-and-edit-text",404,
ik2h55tlduvm2pa8quvlq,"https://help.figma.com/hc/en-us/articles/16118297069463-Create-a-photo-gallery-prototype","https://help.figma.com/hc/en-us/articles/figma.new",400,
j054feg6t1ba38gjwf8g3,"https://help.figma.com/hc/en-us/articles/8538436879767-Run-meetings-in-FigJam","https://www.figma.com/community/category/jam-sessions",403,
j054feg6t1ba38gjwf8g3,"https://help.figma.com/hc/en-us/articles/8538436879767-Run-meetings-in-FigJam","https://www.figma.com/community/file/1103390101907914449/Project-Retrospective",403,
j054feg6t1ba38gjwf8g3,"https://help.figma.com/hc/en-us/articles/8538436879767-Run-meetings-in-FigJam","https://www.figma.com/community/file/1028102440297541271/Customer-journey-map",403,
j054feg6t1ba38gjwf8g3,"https://help.figma.com/hc/en-us/articles/8538436879767-Run-meetings-in-FigJam","https://www.figma.com/community/file/1009957993740460488/Diagram-basics-in-FigJam",403,
j054feg6t1ba38gjwf8g3,"https://help.figma.com/hc/en-us/articles/8538436879767-Run-meetings-in-FigJam","https://www.figma.com/community/category/jam-sessions/files",403,
j054feg6t1ba38gjwf8g3,"https://help.figma.com/hc/en-us/articles/8538436879767-Run-meetings-in-FigJam","https://www.figma.com/community/widget/1030479012894344777/Photo-Booth",403,
j054feg6t1ba38gjwf8g3,"https://help.figma.com/hc/en-us/articles/8538436879767-Run-meetings-in-FigJam","https://www.figma.com/community/file/964643468321702755/FigJam-ice-breaker-template%3A-animal-drawings",403,
j054feg6t1ba38gjwf8g3,"https://help.figma.com/hc/en-us/articles/8538436879767-Run-meetings-in-FigJam","https://www.figma.com/community/tag/icebreakers",403,
j054feg6t1ba38gjwf8g3,"https://help.figma.com/hc/en-us/articles/8538436879767-Run-meetings-in-FigJam","https://www.figma.com/community/widget/1030479012894344777/Photo-Booth",403,
j054feg6t1ba38gjwf8g3,"https://help.figma.com/hc/en-us/articles/8538436879767-Run-meetings-in-FigJam","https://www.figma.com/community/widget/1025052040606332181/Giphy-Stickers",403,
j054feg6t1ba38gjwf8g3,"https://help.figma.com/hc/en-us/articles/8538436879767-Run-meetings-in-FigJam","https://www.figma.com/community/widget/1274481464484630971/Jambot",403,
j054feg6t1ba38gjwf8g3,"https://help.figma.com/hc/en-us/articles/8538436879767-Run-meetings-in-FigJam","https://www.figma.com/community/category/jam-sessions",403,
j054feg6t1ba38gjwf8g3,"https://help.figma.com/hc/en-us/articles/8538436879767-Run-meetings-in-FigJam","https://www.figma.com/community/file/967073537461695594",403,
j054feg6t1ba38gjwf8g3,"https://help.figma.com/hc/en-us/articles/8538436879767-Run-meetings-in-FigJam","https://www.figma.com/community/widget/1246596713863921458/Coda",403,
j054feg6t1ba38gjwf8g3,"https://help.figma.com/hc/en-us/articles/8538436879767-Run-meetings-in-FigJam","https://www.figma.com/community/widget/1094001923188252679/Jira",403,
j054feg6t1ba38gjwf8g3,"https://help.figma.com/hc/en-us/articles/8538436879767-Run-meetings-in-FigJam","https://www.figma.com/community/category/jam-sessions/files",403,
oeuoe6t0kc467aw8gw31a,"https://help.figma.com/hc/en-us/articles/14078912322199-Design-your-first-button","https://help.figma.com/hc/en-us/articles/360039956474",404,
oeuoe6t0kc467aw8gw31a,"https://help.figma.com/hc/en-us/articles/14078912322199-Design-your-first-button","https://help.figma.com/hc/en-us/articles/360039956474",404,
9b874fy37du31r7razvi8,"https://help.figma.com/hc/en-us/articles/23510169950871-Design-a-file-thumbnail","https://www.figma.com/community/file/1372670137883100002",403,
9b874fy37du31r7razvi8,"https://help.figma.com/hc/en-us/articles/23510169950871-Design-a-file-thumbnail","https://www.figma.com/community/file/1372670137883100002",403,
0albcc72ngmo7nzd57kgu,"https://help.figma.com/hc/en-us/articles/20953528101783-Design-an-interactive-button","https://www.figma.com/community/search?resource_type=plugins&sort_by=relevancy&query=icon&editor_type=all&price=all&creators=all",403,
0albcc72ngmo7nzd57kgu,"https://help.figma.com/hc/en-us/articles/20953528101783-Design-an-interactive-button","https://www.figma.com/community/plugin/898620911119764089",403,
0albcc72ngmo7nzd57kgu,"https://help.figma.com/hc/en-us/articles/20953528101783-Design-an-interactive-button","https://www.figma.com/community/search?resource_type=plugins&sort_by=relevancy&query=icon&editor_type=all&price=all&creators=all",403,
0albcc72ngmo7nzd57kgu,"https://help.figma.com/hc/en-us/articles/20953528101783-Design-an-interactive-button","https://www.figma.com/community/plugin/898620911119764089",403,
4pg6x73n7e37x5qtf3wbp,"https://help.figma.com/hc/en-us/articles/18888057155991-Create-an-onboarding-flow-with-advanced-prototyping","https://www.figma.com/community/file/1301324459782928636/prototype-with-variables",403,
4pg6x73n7e37x5qtf3wbp,"https://help.figma.com/hc/en-us/articles/18888057155991-Create-an-onboarding-flow-with-advanced-prototyping","https://www.figma.com/community/file/1301324459782928636/prototype-with-variables",403,
4pg6x73n7e37x5qtf3wbp,"https://help.figma.com/hc/en-us/articles/18888057155991-Create-an-onboarding-flow-with-advanced-prototyping","https://www.figma.com/community/file/1301324459782928636/prototype-with-variables",403,
4pg6x73n7e37x5qtf3wbp,"https://help.figma.com/hc/en-us/articles/18888057155991-Create-an-onboarding-flow-with-advanced-prototyping","https://www.figma.com/community/file/1301324459782928636/prototype-with-variables",403,
4pg6x73n7e37x5qtf3wbp,"https://help.figma.com/hc/en-us/articles/18888057155991-Create-an-onboarding-flow-with-advanced-prototyping","https://www.figma.com/community/file/1301324459782928636/prototype-with-variables",403,
4pg6x73n7e37x5qtf3wbp,"https://help.figma.com/hc/en-us/articles/18888057155991-Create-an-onboarding-flow-with-advanced-prototyping","https://www.figma.com/community/file/1301324459782928636/prototype-with-variables",403,
csyo7rau4bnvq3zq601u3,"https://help.figma.com/hc/en-us/articles/18770195788951-Create-a-reusable-icon-grid","https://help.figma.com/hc/article_attachments/25275795240727",404,
csyo7rau4bnvq3zq601u3,"https://help.figma.com/hc/en-us/articles/18770195788951-Create-a-reusable-icon-grid","https://help.figma.com/hc/article_attachments/18770239886231",404,
csyo7rau4bnvq3zq601u3,"https://help.figma.com/hc/en-us/articles/18770195788951-Create-a-reusable-icon-grid","https://help.figma.com/hc/article_attachments/18770741685655",404,
csyo7rau4bnvq3zq601u3,"https://help.figma.com/hc/en-us/articles/18770195788951-Create-a-reusable-icon-grid","https://help.figma.com/hc/article_attachments/18771001281687",404,
csyo7rau4bnvq3zq601u3,"https://help.figma.com/hc/en-us/articles/18770195788951-Create-a-reusable-icon-grid","https://help.figma.com/hc/article_attachments/18771001284247",404,
csyo7rau4bnvq3zq601u3,"https://help.figma.com/hc/en-us/articles/18770195788951-Create-a-reusable-icon-grid","https://help.figma.com/hc/article_attachments/18771001287191",404,
csyo7rau4bnvq3zq601u3,"https://help.figma.com/hc/en-us/articles/18770195788951-Create-a-reusable-icon-grid","https://help.figma.com/hc/article_attachments/18771016746135",404,
mfcxk7mbrx8utmtlqwdiu,"https://help.figma.com/hc/en-us/articles/14942424871575-Create-your-first-meeting-board-in-FigJam","https://www.figma.com/community/widget/1038507134198748761",403,
mfcxk7mbrx8utmtlqwdiu,"https://help.figma.com/hc/en-us/articles/14942424871575-Create-your-first-meeting-board-in-FigJam","https://www.figma.com/community/widget/1098405969270214551",403,
mfcxk7mbrx8utmtlqwdiu,"https://help.figma.com/hc/en-us/articles/14942424871575-Create-your-first-meeting-board-in-FigJam","https://www.figma.com/community/widget/1094001923188252679",403,
mfcxk7mbrx8utmtlqwdiu,"https://help.figma.com/hc/en-us/articles/14942424871575-Create-your-first-meeting-board-in-FigJam","https://www.figma.com/community/category/jam-sessions/files",403,
jeynqrj4bq3xdy0sg73ks,"https://help.figma.com/hc/en-us/articles/13666942319127-Create-a-basic-wireframe-and-prototype","https://help.figma.com/hc/en-us/articles/figma.new",400,
c595sxrd98lw5es7vyaei,"https://help.figma.com/hc/en-us/articles/13502530301207-Make-a-custom-profile-card","http://figma.new/",404,
bog1l1pqs0f12xarc4rp9,"https://www.figma.com/design/","https://www.figma.com/community-creators/",403,
bog1l1pqs0f12xarc4rp9,"https://www.figma.com/design/","https://friends.figma.com/",Error,"This operation was aborted"
bog1l1pqs0f12xarc4rp9,"https://www.figma.com/design/","https://www.figma.com/community/plugins",403,
bog1l1pqs0f12xarc4rp9,"https://www.figma.com/design/","https://www.figma.com/community/ui-kits",403,
bog1l1pqs0f12xarc4rp9,"https://www.figma.com/design/","https://www.figma.com/community/icons",403,
bog1l1pqs0f12xarc4rp9,"https://www.figma.com/design/","https://www.figma.com/community/widgets",403,
bog1l1pqs0f12xarc4rp9,"https://www.figma.com/design/","https://www.figma.com/developers",404,
bog1l1pqs0f12xarc4rp9,"https://www.figma.com/design/","https://www.figma.com/community",403,
bog1l1pqs0f12xarc4rp9,"https://www.figma.com/design/","https://www.figma.com/community/plugins",403,
bog1l1pqs0f12xarc4rp9,"https://www.figma.com/design/","https://marketing.figma.com/design/?gpc_code=us_wa",404,
e618ru45j0w4d8iif4cmg,"https://help.figma.com/hc/en-us/articles/360040450513-Create-layout-guides","https://help.figma.com/article/55-layout-grids#combine",404,
bk5da1gxi0o1oawtjnatu,"https://help.figma.com/hc/en-us/articles/360040450513-Create-layout-guides","https://help.figma.com/article/55-layout-grids#combine",404,
